published_date,bestsellers_date,list_name,display_name,list_name_encoded,rank,rank_last_week,weeks_on_list,title,author,publisher,description,primary_isbn10,primary_isbn13,amazon_url
2026-06-07,2026-05-23,Combined Print & E-Book Fiction,Combined Print & E-Book Fiction,combined-print-and-e-book-fiction,1,0,1,THE BALLAD OF FALLING DRAGONS,Sarah A. Parker,Avon,"The second book in the Moonfall series. As a calamitous moonfall approaches, Raeve must make life-or-death decisions.",,9780063415898,https://www.amazon.com/dp/0063415895?tag=thenewyorktim-20
2026-06-07,2026-05-23,Combined Print & E-Book Fiction,Combined Print & E-Book Fiction,combined-print-and-e-book-fiction,2,0,1,IRONWOOD,Michael Connelly,"Little, Brown",The second book in the Catalina series. A deadly drug drop and a missing person case fuel Stillwell’s sense of duty.,,9780316595391,https://www.amazon.com/dp/B0G1M3RCVT?tag=thenewyorktim-20
2026-06-07,2026-05-23,Combined Print & E-Book Fiction,Combined Print & E-Book Fiction,combined-print-and-e-book-fiction,3,10,2,THE DEAL,Elle Kennedy,Bloom,Hannah Wells makes a deal with the captain of the college hockey team in exchange for tutoring him that may complicate their relationship.,,9781775293934,https://www.amazon.com/dp/1775293939?tag=thenewyorktim-20
2026-06-07,2026-05-23,Combined Print & E-Book Fiction,Combined Print & E-Book Fiction,combined-print-and-e-book-fiction,4,2,25,THEO OF GOLDEN,Allen Levi,Atria,"A man travels to a small Southern town, where he purchases pencil drawings of local residents and exchanges them for stories.",,9781668236512,https://www.amazon.com/dp/1668236516?tag=thenewyorktim-20
2026-06-07,2026-05-23,Combined Print & E-Book Fiction,Combined Print & E-Book Fiction,combined-print-and-e-book-fiction,5,3,7,YESTERYEAR,Caro Claire Burke,Knopf,"Natalie Heller Mills, a privileged tradwife social media influencer, wakes up to find she is living in the comparatively difficult reality of 1855.",,9780593804216,https://www.amazon.com/dp/059380421X?tag=thenewyorktim-20
2026-06-07,2026-05-23,Combined Print & E-Book Fiction,Combined Print & E-Book Fiction,combined-print-and-e-book-fiction,6,5,50,PROJECT HAIL MARY,Andy Weir,Ballantine,"Ryland Grace awakes from a long sleep alone and far from home, and the fate of humanity rests on his shoulders; the basis of the movie.",,9780593135228,https://www.amazon.com/dp/0593135202?tag=thenewyorktim-20
2026-06-07,2026-05-23,Combined Print & E-Book Fiction,Combined Print & E-Book Fiction,combined-print-and-e-book-fiction,7,0,2,THE MISTAKE,Elle Kennedy,Bloom,The second book in the Off-Campus series. A college hockey player attempts to redeem himself to a rising sophomore.,,9781775293941,https://www.amazon.com/dp/1775293947?tag=thenewyorktim-20
2026-06-07,2026-05-23,Combined Print & E-Book Fiction,Combined Print & E-Book Fiction,combined-print-and-e-book-fiction,8,0,2,THE SCORE,Elle Kennedy,Bloom,The third book in the Off-Campus series. A brokenhearted senior resists the charms of a hockey star.,,9781775293958,https://www.amazon.com/dp/1775293955?tag=thenewyorktim-20
2026-06-07,2026-05-23,Combined Print & E-Book Fiction,Combined Print & E-Book Fiction,combined-print-and-e-book-fiction,9,0,1,FEVER DREAM,Elsie Silver,Atria,A bull rider goes on a reality dating show to save his family’s farm but falls for the show’s location consultant who is also his rival’s sister.,,9781668099575,https://www.amazon.com/dp/1668099578?tag=thenewyorktim-20
2026-06-07,2026-05-23,Combined Print & E-Book Fiction,Combined Print & E-Book Fiction,combined-print-and-e-book-fiction,10,4,23,REMARKABLY BRIGHT CREATURES,Shelby Van Pelt,Ecco,A widow working the night shift at the Sowell Bay Aquarium is aided in solving a mystery by a giant Pacific octopus living there; the basis of the movie.,,9780063204164,https://www.amazon.com/dp/0063204169?tag=thenewyorktim-20
2026-06-07,2026-05-23,Combined Print & E-Book Fiction,Combined Print & E-Book Fiction,combined-print-and-e-book-fiction,11,9,20,DUNGEON CRAWLER CARL,Matt Dinniman,Ace,"A Coast Guard vet named Carl and his ex-girlfriend’s cat, Princess Donut, are trapped in a fantasy dungeon.",,9780593820254,https://www.amazon.com/dp/0593820258?tag=thenewyorktim-20
2026-06-07,2026-05-23,Combined Print & E-Book Fiction,Combined Print & E-Book Fiction,combined-print-and-e-book-fiction,12,8,3,OUR PERFECT STORM,Carley Fortune,Berkley,"After her fiancé leaves her, Frankie goes on her planned honeymoon trip with her best friend from childhood, George.",,9780593953242,https://www.amazon.com/dp/059395324X?tag=thenewyorktim-20
2026-06-07,2026-05-23,Combined Print & E-Book Fiction,Combined Print & E-Book Fiction,combined-print-and-e-book-fiction,13,12,3,THE CALAMITY CLUB,Kathryn Stockett,Spiegel & Grau,"As things get tougher during the Depression, several women look for ways to improve their circumstances.",,9781954118812,https://www.amazon.com/dp/1954118813?tag=thenewyorktim-20&linkCode=osi&th=1&psc=1
2026-06-07,2026-05-23,Combined Print & E-Book Fiction,Combined Print & E-Book Fiction,combined-print-and-e-book-fiction,14,11,28,THE CORRESPONDENT,Virginia Evans,Crown,Letters from someone she used to know push Sybil Van Antwerp toward revisiting her past and finding a way to forgive.,,9780593798430,https://www.amazon.com/dp/0593798430?tag=thenewyorktim-20
2026-06-07,2026-05-23,Combined Print & E-Book Fiction,Combined Print & E-Book Fiction,combined-print-and-e-book-fiction,15,1,2,A PARADE OF HORRIBLES,Matt Dinniman,Ace,The eighth book in the “Dungeon Crawler Carl” series. A sense of normalcy might be a set-up that spells danger for Carl and Donut.,,9798217190065,https://www.amazon.com/dp/B0FY26HLTD?tag=thenewyorktim-20
2026-06-07,2026-05-23,Combined Print & E-Book Nonfiction,Combined Print & E-Book Nonfiction,combined-print-and-e-book-nonfiction,1,0,1,LIAR'S KINGDOM,Andrew Weissmann,"Little, Brown",The author of “Where Law Ends” argues that a flaw in America’s legal system allows for deceit in our politics.,,9780316601306,https://www.amazon.com/dp/0316601306?tag=thenewyorktim-20
2026-06-07,2026-05-23,Combined Print & E-Book Nonfiction,Combined Print & E-Book Nonfiction,combined-print-and-e-book-nonfiction,2,2,19,STRANGERS,Belle Burden,Dial,Burden retraces her marriage of 20 years in search of clues to help shape her understanding about its demise and to find a way forward.,,9780593733318,https://www.amazon.com/dp/0593733312?tag=thenewyorktim-20
2026-06-07,2026-05-23,Combined Print & E-Book Nonfiction,Combined Print & E-Book Nonfiction,combined-print-and-e-book-nonfiction,3,1,2,SUICIDAL EMPATHY,Gad Saad,Broadside,The host of the podcast “The Saad Truth” argues that what he considers misguided compassion is having a negative impact on society.,,9780063446533,https://www.amazon.com/dp/0063446537?tag=thenewyorktim-20
2026-06-07,2026-05-23,Combined Print & E-Book Nonfiction,Combined Print & E-Book Nonfiction,combined-print-and-e-book-nonfiction,4,0,1,THIS IS ME,Hayden Panettiere,Grand Central,The Golden Globe-nominated actress describes how she contended with fame and handled difficulties in her life.,,9781538773420,https://www.amazon.com/dp/1538773422?tag=thenewyorktim-20
2026-06-07,2026-05-23,Combined Print & E-Book Nonfiction,Combined Print & E-Book Nonfiction,combined-print-and-e-book-nonfiction,5,0,1,HOW TO RULE THE WORLD,Theo Baker,Penguin Press,The Stanford University student chronicles his investigation that helped end the tenure of Marc Tessier-Lavigne as the school’s president.,,9780593832837,https://www.amazon.com/dp/0593832833?tag=thenewyorktim-20
2026-06-07,2026-05-23,Combined Print & E-Book Nonfiction,Combined Print & E-Book Nonfiction,combined-print-and-e-book-nonfiction,6,0,1,ALL AMERICAN PATRIOTISM,Rachel Campos-Duffy,Fox News,"The co-host of “Fox & Friends Weekend” brings together songs, stories and photographs to celebrate America.",,9780063515277,https://www.amazon.com/dp/006351527X?tag=thenewyorktim-20
2026-06-07,2026-05-23,Combined Print & E-Book Nonfiction,Combined Print & E-Book Nonfiction,combined-print-and-e-book-nonfiction,7,5,6,FAMESICK,Lena Dunham,Random House,The author of “Not That Kind of Girl” evaluates the effects that pursuing her creative endeavors had on her.,,9780593129326,https://www.amazon.com/dp/0593129326?tag=thenewyorktim-20
2026-06-07,2026-05-23,Combined Print & E-Book Nonfiction,Combined Print & E-Book Nonfiction,combined-print-and-e-book-nonfiction,8,6,7,LONDON FALLING,Patrick Radden Keefe,Doubleday,The author of “Say Nothing” details the efforts by the parents of a 19-year-old Londoner to uncover the truth about his mysterious death and secret life.,,9780385548533,https://www.amazon.com/dp/0385548532?tag=thenewyorktim-20
2026-06-07,2026-05-23,Combined Print & E-Book Nonfiction,Combined Print & E-Book Nonfiction,combined-print-and-e-book-nonfiction,9,9,296,THE BODY KEEPS THE SCORE,Bessel van der Kolk,Penguin,"How trauma affects the body and mind, and innovative treatments for recovery.",,9780143127741,https://www.amazon.com/dp/0143127748?tag=thenewyorktim-20
2026-06-07,2026-05-23,Combined Print & E-Book Nonfiction,Combined Print & E-Book Nonfiction,combined-print-and-e-book-nonfiction,10,8,4,"DOGS, BOYS, AND OTHER THINGS I'VE CRIED ABOUT",Isabel Klee,Morrow,Klee helps foster dogs overcome challenges while she faces her own complications.,,9780063451070,https://www.amazon.com/dp/0063451077?tag=thenewyorktim-20
2026-06-07,2026-05-23,Combined Print & E-Book Nonfiction,Combined Print & E-Book Nonfiction,combined-print-and-e-book-nonfiction,11,0,1,THE LOST EMPIRE OF EMANUEL NOBEL,Douglas Brunt,Atria,The author of “The Mysterious Case of Rudolf Diesel” details the overlooked life and work of Emanuel Nobel.,,9781668074749,https://www.amazon.com/dp/1668074745?tag=thenewyorktim-20
2026-06-07,2026-05-23,Combined Print & E-Book Nonfiction,Combined Print & E-Book Nonfiction,combined-print-and-e-book-nonfiction,12,3,2,TAKE ME TO YOUR LEADER,Neil deGrasse Tyson,Simon Six,The astrophysicist depicts what potential encounters with aliens from outer space might be like.,,9781668249970,https://www.amazon.com/dp/1668249979?tag=thenewyorktim-20
2026-06-07,2026-05-23,Combined Print & E-Book Nonfiction,Combined Print & E-Book Nonfiction,combined-print-and-e-book-nonfiction,13,4,3,THE CASE FOR AMERICA,Bret Baier,Mariner,The chief political anchor for Fox News shares his perspectives on our national character during divisive times.,,9780063360808,https://www.amazon.com/dp/0063360802?tag=thenewyorktim-20
2026-06-07,2026-05-23,Combined Print & E-Book Nonfiction,Combined Print & E-Book Nonfiction,combined-print-and-e-book-nonfiction,14,0,1,AN INCONVENIENT WIDOW,Lois Romano,Simon & Schuster,A biography of the maligned former first lady Mary Todd Lincoln.,,9781982140724,https://www.amazon.com/dp/1982140720?tag=thenewyorktim-20
2026-06-07,2026-05-23,Combined Print & E-Book Nonfiction,Combined Print & E-Book Nonfiction,combined-print-and-e-book-nonfiction,15,0,1,THE EDUCATION OF A SENATOR,Lamar Alexander,Post Hill,The former senator from Tennessee and secretary of education details his six decades in American politics.,,9798895656488,https://www.amazon.com/dp/B0FWZX15NQ?tag=thenewyorktim-20
2026-06-07,2026-05-23,Hardcover Fiction,Hardcover Fiction,hardcover-fiction,1,0,1,THE BALLAD OF FALLING DRAGONS,Sarah A. Parker,Avon,"The second book in the Moonfall series. As a calamitous moonfall approaches, Raeve must make life-or-death decisions.",,9780063415898,https://www.amazon.com/dp/0063415895?tag=thenewyorktim-20
2026-06-07,2026-05-23,Hardcover Fiction,Hardcover Fiction,hardcover-fiction,2,2,7,YESTERYEAR,Caro Claire Burke,Knopf,"Natalie Heller Mills, a privileged tradwife social media influencer, wakes up to find she is living in the comparatively difficult reality of 1855.",,9780593804216,https://www.amazon.com/dp/059380421X?tag=thenewyorktim-20
2026-06-07,2026-05-23,Hardcover Fiction,Hardcover Fiction,hardcover-fiction,3,0,1,IRONWOOD,Michael Connelly,"Little, Brown",The second book in the Catalina series. A deadly drug drop and a missing person case fuel Stillwell’s sense of duty.,,9780316595384,https://www.amazon.com/dp/0316595381?tag=thenewyorktim-20
2026-06-07,2026-05-23,Hardcover Fiction,Hardcover Fiction,hardcover-fiction,4,1,2,A PARADE OF HORRIBLES,Matt Dinniman,Ace,The eighth book in the “Dungeon Crawler Carl” series. A sense of normalcy might be a set-up that spells danger for Carl and Donut.,,9798217190065,https://www.amazon.com/dp/B0FY26HLTD?tag=thenewyorktim-20
2026-06-07,2026-05-23,Hardcover Fiction,Hardcover Fiction,hardcover-fiction,5,5,3,OUR PERFECT STORM,Carley Fortune,Berkley,"After her fiancé leaves her, Frankie goes on her planned honeymoon trip with her best friend from childhood, George.",,9780593953242,https://www.amazon.com/dp/059395324X?tag=thenewyorktim-20
2026-06-07,2026-05-23,Hardcover Fiction,Hardcover Fiction,hardcover-fiction,6,6,30,THE CORRESPONDENT,Virginia Evans,Crown,Letters from someone she used to know push Sybil Van Antwerp toward revisiting her past and finding a way to forgive.,,9780593798430,https://www.amazon.com/dp/0593798430?tag=thenewyorktim-20
2026-06-07,2026-05-23,Hardcover Fiction,Hardcover Fiction,hardcover-fiction,7,7,3,THE CALAMITY CLUB,Kathryn Stockett,Spiegel & Grau,"As things get tougher during the Depression, several women look for ways to improve their circumstances.",,9781954118812,https://www.amazon.com/dp/1954118813?tag=thenewyorktim-20&linkCode=osi&th=1&psc=1
2026-06-07,2026-05-23,Hardcover Fiction,Hardcover Fiction,hardcover-fiction,8,11,19,CARL'S DOOMSDAY SCENARIO,Matt Dinniman,Ace,"The second book in the ""Dungeon Crawler Carl"" series. Carl and Donut confront an ancient spell and heightened dangers.",,9780593820261,https://www.amazon.com/dp/0593820266?tag=thenewyorktim-20
2026-06-07,2026-05-23,Hardcover Fiction,Hardcover Fiction,hardcover-fiction,9,13,12,THE DUNGEON ANARCHIST'S COOKBOOK,Matt Dinniman,Ace,"The third book in the ""Dungeon Crawler Carl"" series. Carl and Donut are up against a subway system filled with monsters.",,9780593820285,https://www.amazon.com/dp/B094X214V9?tag=thenewyorktim-20
2026-06-07,2026-05-23,Hardcover Fiction,Hardcover Fiction,hardcover-fiction,10,0,1,THE SHIPPERS,Katherine Center,St. Martin's,"At her sister’s wedding on a cruise ship, JoJo Burton fake flirts with her childhood bestie to get the attention of her first crush.",,9781250408051,https://www.amazon.com/dp/1250408059?tag=thenewyorktim-20
2026-06-07,2026-05-23,Hardcover Fiction,Hardcover Fiction,hardcover-fiction,11,8,3,26 BEAUTIES,James Patterson,"Little, Brown","The 26th book in the Women's Murder Club series. The deaths of two women are investigated, and a father seeks help in finding his missing daughter.",,9780316569804,https://www.amazon.com/dp/0316569801?tag=thenewyorktim-20
2026-06-07,2026-05-23,Hardcover Fiction,Hardcover Fiction,hardcover-fiction,12,15,14,DUNGEON CRAWLER CARL,Matt Dinniman,Ace,"A Coast Guard vet named Carl and his ex-girlfriend’s cat, Princess Donut, are trapped in a fantasy dungeon.",,9780593820247,https://www.amazon.com/dp/059382024X?tag=thenewyorktim-20
2026-06-07,2026-05-23,Hardcover Fiction,Hardcover Fiction,hardcover-fiction,13,0,5,THE GATE OF THE FERAL GODS,Matt Dinniman,Ace,The fourth book in the Dungeon Crawler Carl series. Obstacles abound on the fifth floor of the dungeon.,,9780593955970,https://www.amazon.com/dp/0593955978?tag=thenewyorktim-20
2026-06-07,2026-05-23,Hardcover Fiction,Hardcover Fiction,hardcover-fiction,14,12,8,STARSIDE,Alex Aster,Avon,"Aris traverses a realm of magic and immortals, where she faces dangers as she seeks to avenge her family’s death.",,9780063462434,https://www.amazon.com/dp/0063462435?tag=thenewyorktim-20
2026-06-07,2026-05-23,Hardcover Fiction,Hardcover Fiction,hardcover-fiction,15,3,2,BROKEN DOVE,Dani Francis,Del Rey,"The second book in the “Silver Elite” series. As the war between the Mods and Primes escalates, issues of trust come to the fore.",,9780593875490,https://www.amazon.com/dp/0593875494?tag=thenewyorktim-20
2026-06-07,2026-05-23,Hardcover Nonfiction,Hardcover Nonfiction,hardcover-nonfiction,1,0,1,LIAR'S KINGDOM,Andrew Weissmann,"Little, Brown",The author of “Where Law Ends” argues that a flaw in America’s legal system allows for deceit in our politics.,,9780316601306,https://www.amazon.com/dp/0316601306?tag=thenewyorktim-20
2026-06-07,2026-05-23,Hardcover Nonfiction,Hardcover Nonfiction,hardcover-nonfiction,2,2,18,STRANGERS,Belle Burden,Dial,Burden retraces her marriage of 20 years in search of clues to help shape her understanding about its demise and to find a way forward.,,9780593733318,https://www.amazon.com/dp/0593733312?tag=thenewyorktim-20
2026-06-07,2026-05-23,Hardcover Nonfiction,Hardcover Nonfiction,hardcover-nonfiction,3,0,1,ALL AMERICAN PATRIOTISM,Rachel Campos-Duffy,Fox News,"The co-host of “Fox & Friends Weekend” brings together songs, stories and photographs to celebrate America.",,9780063515277,https://www.amazon.com/dp/006351527X?tag=thenewyorktim-20
2026-06-07,2026-05-23,Hardcover Nonfiction,Hardcover Nonfiction,hardcover-nonfiction,4,1,2,SUICIDAL EMPATHY,Gad Saad,Broadside,The host of the podcast “The Saad Truth” argues that what he considers misguided compassion is having a negative impact on society.,,9780063446533,https://www.amazon.com/dp/0063446537?tag=thenewyorktim-20
2026-06-07,2026-05-23,Hardcover Nonfiction,Hardcover Nonfiction,hardcover-nonfiction,5,0,1,THIS IS ME,Hayden Panettiere,Grand Central,The Golden Globe-nominated actress describes how she contended with fame and handled difficulties in her life.,,9781538773420,https://www.amazon.com/dp/1538773422?tag=thenewyorktim-20
2026-06-07,2026-05-23,Hardcover Nonfiction,Hardcover Nonfiction,hardcover-nonfiction,6,6,6,FAMESICK,Lena Dunham,Random House,The author of “Not That Kind of Girl” evaluates the effects that pursuing her creative endeavors had on her.,,9780593129326,https://www.amazon.com/dp/0593129326?tag=thenewyorktim-20
2026-06-07,2026-05-23,Hardcover Nonfiction,Hardcover Nonfiction,hardcover-nonfiction,7,0,1,HOW TO RULE THE WORLD,Theo Baker,Penguin Press,The Stanford University student chronicles his investigation that helped end the tenure of Marc Tessier-Lavigne as the school’s president.,,9780593832837,https://www.amazon.com/dp/0593832833?tag=thenewyorktim-20
2026-06-07,2026-05-23,Hardcover Nonfiction,Hardcover Nonfiction,hardcover-nonfiction,8,5,4,"DOGS, BOYS, AND OTHER THINGS I'VE CRIED ABOUT",Isabel Klee,Morrow,Klee helps foster dogs overcome challenges while she faces her own complications.,,9780063451070,https://www.amazon.com/dp/0063451077?tag=thenewyorktim-20
2026-06-07,2026-05-23,Hardcover Nonfiction,Hardcover Nonfiction,hardcover-nonfiction,9,9,7,LONDON FALLING,Patrick Radden Keefe,Doubleday,The author of “Say Nothing” details the efforts by the parents of a 19-year-old Londoner to uncover the truth about his mysterious death and secret life.,,9780385548533,https://www.amazon.com/dp/0385548532?tag=thenewyorktim-20
2026-06-07,2026-05-23,Hardcover Nonfiction,Hardcover Nonfiction,hardcover-nonfiction,10,3,2,TAKE ME TO YOUR LEADER,Neil deGrasse Tyson,Simon Six,The astrophysicist depicts what potential encounters with aliens from outer space might be like.,,9781668249970,https://www.amazon.com/dp/1668249979?tag=thenewyorktim-20
2026-06-07,2026-05-23,Hardcover Nonfiction,Hardcover Nonfiction,hardcover-nonfiction,11,0,1,THE LOST EMPIRE OF EMANUEL NOBEL,Douglas Brunt,Atria,The author of “The Mysterious Case of Rudolf Diesel” details the overlooked life and work of Emanuel Nobel.,,9781668074749,https://www.amazon.com/dp/1668074745?tag=thenewyorktim-20
2026-06-07,2026-05-23,Hardcover Nonfiction,Hardcover Nonfiction,hardcover-nonfiction,12,4,3,THE CASE FOR AMERICA,Bret Baier,Mariner,The chief political anchor for Fox News shares his perspectives on our national character during divisive times.,,9780063360808,https://www.amazon.com/dp/0063360802?tag=thenewyorktim-20
2026-06-07,2026-05-23,Hardcover Nonfiction,Hardcover Nonfiction,hardcover-nonfiction,13,0,1,THE EDUCATION OF A SENATOR,Lamar Alexander,Post Hill,The former senator from Tennessee and secretary of education details his six decades in American politics.,,9798895656488,https://www.amazon.com/dp/B0FWZX15NQ?tag=thenewyorktim-20
2026-06-07,2026-05-23,Hardcover Nonfiction,Hardcover Nonfiction,hardcover-nonfiction,14,0,1,AN INCONVENIENT WIDOW,Lois Romano,Simon & Schuster,A biography of the maligned former first lady Mary Todd Lincoln.,,9781982140724,https://www.amazon.com/dp/1982140720?tag=thenewyorktim-20
2026-06-07,2026-05-23,Hardcover Nonfiction,Hardcover Nonfiction,hardcover-nonfiction,15,10,108,THE ANXIOUS GENERATION,Jonathan Haidt,Penguin Press,A co-author of “The Coddling of the American Mind” looks at the mental health impacts that a phone-based life has on children.,,9780593655030,https://www.amazon.com/dp/0593655036?tag=thenewyorktim-20
2026-06-07,2026-05-23,Paperback Trade Fiction,Paperback Trade Fiction,trade-fiction-paperback,1,1,26,THEO OF GOLDEN,Allen Levi,Atria,"A man travels to a small Southern town, where he purchases pencil drawings of local residents and exchanges them for stories.",,9781668236512,https://www.amazon.com/dp/1668236516?tag=thenewyorktim-20
2026-06-07,2026-05-23,Paperback Trade Fiction,Paperback Trade Fiction,trade-fiction-paperback,2,7,2,THE DEAL,Elle Kennedy,Bloom,Hannah Wells makes a deal with the captain of the college hockey team in exchange for tutoring him that may complicate their relationship.,,9781775293934,https://www.amazon.com/dp/1775293939?tag=thenewyorktim-20
2026-06-07,2026-05-23,Paperback Trade Fiction,Paperback Trade Fiction,trade-fiction-paperback,3,3,48,PROJECT HAIL MARY,Andy Weir,Ballantine,"Ryland Grace awakes from a long sleep alone and far from home, and the fate of humanity rests on his shoulders; the basis of the movie.",,9780593135228,https://www.amazon.com/dp/0593135202?tag=thenewyorktim-20
2026-06-07,2026-05-23,Paperback Trade Fiction,Paperback Trade Fiction,trade-fiction-paperback,4,0,1,FEVER DREAM,Elsie Silver,Atria,A bull rider goes on a reality dating show to save his family’s farm but falls for the show’s location consultant who is also his rival’s sister.,,9781668099575,https://www.amazon.com/dp/1668099578?tag=thenewyorktim-20
2026-06-07,2026-05-23,Paperback Trade Fiction,Paperback Trade Fiction,trade-fiction-paperback,5,2,35,REMARKABLY BRIGHT CREATURES,Shelby Van Pelt,Ecco,A widow working the night shift at the Sowell Bay Aquarium is aided in solving a mystery by a giant Pacific octopus living there; the basis of the movie.,,9780063204164,https://www.amazon.com/dp/0063204169?tag=thenewyorktim-20
2026-06-07,2026-05-23,Paperback Trade Fiction,Paperback Trade Fiction,trade-fiction-paperback,6,0,1,THE MISTAKE,Elle Kennedy,Bloom,The second book in the Off-Campus series. A college hockey player attempts to redeem himself to a rising sophomore.,,9781775293941,https://www.amazon.com/dp/1775293947?tag=thenewyorktim-20
2026-06-07,2026-05-23,Paperback Trade Fiction,Paperback Trade Fiction,trade-fiction-paperback,7,4,21,DUNGEON CRAWLER CARL,Matt Dinniman,Ace,"A Coast Guard vet named Carl and his ex-girlfriend’s cat, Princess Donut, are trapped in a fantasy dungeon.",,9780593820254,https://www.amazon.com/dp/0593820258?tag=thenewyorktim-20
2026-06-07,2026-05-23,Paperback Trade Fiction,Paperback Trade Fiction,trade-fiction-paperback,8,0,1,THE SCORE,Elle Kennedy,Bloom,The third book in the Off-Campus series. A brokenhearted senior resists the charms of a hockey star.,,9781775293958,https://www.amazon.com/dp/1775293955?tag=thenewyorktim-20
2026-06-07,2026-05-23,Paperback Trade Fiction,Paperback Trade Fiction,trade-fiction-paperback,9,0,1,SCORE,Kennedy Ryan,Forever,"The second book in the Hollywood Renaissance series. More than a decade after their breakup, a screenwriter and a musician work together on a Hollywood Renaissance biopic.",,9781538785263,https://www.amazon.com/dp/1538769654?tag=thenewyorktim-20
2026-06-07,2026-05-23,Paperback Trade Fiction,Paperback Trade Fiction,trade-fiction-paperback,10,0,1,THE KNIGHT AND THE MOTH,Rachel Gillig,Orbit,"Sybil Delling, who is gifted with the power of foresight, forms an alliance with a heretical knight when her sister Diviners disappear.",,9780316573757,https://www.amazon.com/dp/0316573752?tag=thenewyorktim-20
2026-06-07,2026-05-23,Paperback Trade Fiction,Paperback Trade Fiction,trade-fiction-paperback,11,0,1,THE GOAL,Elle Kennedy,Bloom,The fourth book in the Off-Campus series. Pregnancy complicates things between a college senior and a hockey player.,,9781775293965,https://www.amazon.com/dp/1775293963?tag=thenewyorktim-20
2026-06-07,2026-05-23,Paperback Trade Fiction,Paperback Trade Fiction,trade-fiction-paperback,12,5,3,THE DAISY CHAIN FLOWER SHOP,Laurie Gilmore,HarperCollins,The sixth book in the Dream Harbor series. A flower shop might be the source of bad luck or love.,,9780008761479,https://www.amazon.com/dp/0008761477?tag=thenewyorktim-20
2026-06-07,2026-05-23,Paperback Trade Fiction,Paperback Trade Fiction,trade-fiction-paperback,13,0,1,GREAT BIG BEAUTIFUL LIFE,Emily Henry,Berkley,A writer looking for her big break competes against a Pulitzer winner to tell the story of an octogenarian with a storied past.,,9780593441237,https://www.amazon.com/dp/0593441230?tag=thenewyorktim-20
2026-06-07,2026-05-23,Paperback Trade Fiction,Paperback Trade Fiction,trade-fiction-paperback,14,8,8,GAME ON,Navessa Allen,Slowburn,The third book of the Into Darkness series. Tyler seeks revenge against his father and pretends to be Stella’s boyfriend.,,9781638932277,https://www.amazon.com/dp/1638932271?tag=thenewyorktim-20
2026-06-07,2026-05-23,Paperback Trade Fiction,Paperback Trade Fiction,trade-fiction-paperback,15,6,3,RULES FOR THE SUMMER,Meghan Quinn,Bloom,"Renley Gossage, who bought a failing candy shop, and Theo Williams, who got engaged on a drunken dare, spend the summer in close proximity.",,9781464246753,https://www.amazon.com/dp/1464246750?tag=thenewyorktim-20
2026-06-07,2026-05-23,"Advice, How-To & Miscellaneous","Advice, How-To & Miscellaneous",advice-how-to-and-miscellaneous,1,1,74,THE LET THEM THEORY,Mel Robbins,Hay House,,,9781401971366,https://www.amazon.com/dp/1401971369?tag=thenewyorktim-20
2026-06-07,2026-05-23,"Advice, How-To & Miscellaneous","Advice, How-To & Miscellaneous",advice-how-to-and-miscellaneous,2,3,339,ATOMIC HABITS,James Clear,Avery,,,9780735211292,https://www.amazon.com/Atomic-Habits-Proven-Build-Break/dp/0735211299?tag=thenewyorktim-20
2026-06-07,2026-05-23,"Advice, How-To & Miscellaneous","Advice, How-To & Miscellaneous",advice-how-to-and-miscellaneous,3,0,1,SPAIN MY WAY,José Andrés with Sam Chapple-Sokol,Ecco,,,9780063328068,https://www.amazon.com/dp/0063328062?tag=thenewyorktim-20&linkCode=osi&th=1&psc=1
2026-06-07,2026-05-23,"Advice, How-To & Miscellaneous","Advice, How-To & Miscellaneous",advice-how-to-and-miscellaneous,4,9,2,MONEY UNLOCKED,John Lee,Hay House,,,9798318604126,https://www.amazon.com/dp/B0FWR4J71R?tag=thenewyorktim-20
2026-06-07,2026-05-23,"Advice, How-To & Miscellaneous","Advice, How-To & Miscellaneous",advice-how-to-and-miscellaneous,5,6,35,UNREASONABLE HOSPITALITY,Will Guidara,Optimism,,,9780593418574,https://www.amazon.com/dp/0593418573?tag=thenewyorktim-20
2026-06-07,2026-05-23,"Advice, How-To & Miscellaneous","Advice, How-To & Miscellaneous",advice-how-to-and-miscellaneous,6,7,147,MAKE YOUR BED,William H. McRaven,Grand Central,,,9781455570249,https://www.amazon.com/Make-Your-Bed-Little-Things/dp/1455570249?tag=thenewyorktim-20
2026-06-07,2026-05-23,"Advice, How-To & Miscellaneous","Advice, How-To & Miscellaneous",advice-how-to-and-miscellaneous,7,4,3,BIRTH VIBES,Jen Hamilton,Grand Central,,,9781538771471,https://www.amazon.com/dp/1538771470?tag=thenewyorktim-20
2026-06-07,2026-05-23,"Advice, How-To & Miscellaneous","Advice, How-To & Miscellaneous",advice-how-to-and-miscellaneous,8,2,2,DIG IN!,Erin O'Brien,Simon Element,,,9781668077160,https://www.amazon.com/dp/1668077167?tag=thenewyorktim-20
2026-06-07,2026-05-23,"Advice, How-To & Miscellaneous","Advice, How-To & Miscellaneous",advice-how-to-and-miscellaneous,9,0,3,18 DAYS IN HEAVEN,Gabe Poirot,Harrison House,,,9781667512549,https://www.amazon.com/dp/1667512544?tag=thenewyorktim-20
2026-06-07,2026-05-23,"Advice, How-To & Miscellaneous","Advice, How-To & Miscellaneous",advice-how-to-and-miscellaneous,10,0,245,"THE BOY, THE MOLE, THE FOX AND THE HORSE",Charlie Mackesy,HarperOne,,,9780062976581,https://www.amazon.com/Boy-Mole-Fox-Horse/dp/0062976583?tag=thenewyorktim-20
2026-06-07,2026-05-23,Children’s Middle Grade Hardcover,Children’s Middle Grade Hardcover,childrens-middle-grade-hardcover,1,2,544,WONDER,R.J. Palacio,Knopf,A boy with a facial deformity starts school. (Ages 8 to 12),,9780375869020,https://www.amazon.com/dp/B0051ANPZQ?tag=thenewyorktim-20
2026-06-07,2026-05-23,Children’s Middle Grade Hardcover,Children’s Middle Grade Hardcover,childrens-middle-grade-hardcover,2,3,3,WOMBAT WAITING,Katherine Applegate,Storytide,A homeless pup patiently waits for her “special person.” (Ages 8 to 12),,9780063221178,https://www.amazon.com/dp/0063221179?tag=thenewyorktim-20
2026-06-07,2026-05-23,Children’s Middle Grade Hardcover,Children’s Middle Grade Hardcover,childrens-middle-grade-hardcover,3,4,8,KPOP DEMON HUNTERS,Jessica Yoon,Random House,"Huntrix takes on the Saja Boys, a boy band who happen to be demons in disguise. Based on the movie. (Ages 7 to 10)",,9798217234288,https://www.amazon.com/dp/B0G48MXNZV?tag=thenewyorktim-20
2026-06-07,2026-05-23,Children’s Middle Grade Hardcover,Children’s Middle Grade Hardcover,childrens-middle-grade-hardcover,4,5,15,UNSETTLING SALAD!,Aaron Reynolds,Simon & Schuster,Thadeus and Oliver take a bite out of a salad that may bite back! (Ages 6 to 9),,9781665961110,https://www.amazon.com/dp/1665961112?tag=thenewyorktim-20
2026-06-07,2026-05-23,Children’s Middle Grade Hardcover,Children’s Middle Grade Hardcover,childrens-middle-grade-hardcover,5,6,39,GROWING HOME,Beth Ferry,Simon & Schuster,"Talking plants, a grumpy goldfish and an inquisitive spider save the Tupper family from utter ruin. (Ages 6 to 9)",,9781665989817,https://www.amazon.com/dp/1665942487?tag=thenewyorktim-20
2026-06-07,2026-05-23,Children’s Middle Grade Hardcover,Children’s Middle Grade Hardcover,childrens-middle-grade-hardcover,6,7,36,POCKET BEAR,Katherine Applegate,Feiwel & Friends,Zephyrina brings a rare stuffed bear back to the Second Chances Home for the Tossed and Treasured. (Ages 8 to 12),,9781250904362,https://www.amazon.com/dp/1250904366?tag=thenewyorktim-20
2026-06-07,2026-05-23,Children’s Middle Grade Hardcover,Children’s Middle Grade Hardcover,childrens-middle-grade-hardcover,7,8,35,THE COURT OF THE DEAD,Rick Riordan and Mark Oshiro,Disney Hyperion,"Nico, Will and Hazel delve into the mysterious disappearances of monsters at Camp Jupiter. (Ages 10 to 14)",,9781368109116,https://www.amazon.com/dp/136810911X?tag=thenewyorktim-20
2026-06-07,2026-05-23,Children’s Middle Grade Hardcover,Children’s Middle Grade Hardcover,childrens-middle-grade-hardcover,8,9,32,THE POISONED KING,Katherine Rundell,Knopf,Christopher and Anya must save the dragons of the Archipelago from a strange new threat. (Ages 10 and up),,9780593809907,https://www.amazon.com/dp/0593809904?tag=thenewyorktim-20
2026-06-07,2026-05-23,Children’s Middle Grade Hardcover,Children’s Middle Grade Hardcover,childrens-middle-grade-hardcover,9,10,24,WAR GAMES,Alan Gratz,Scholastic,"During the 1936 Olympic Games, a young American gymnast is recruited to rob a Nazi bank. (Ages 9 to 12)",,9781338736106,https://www.amazon.com/dp/1338736108?tag=thenewyorktim-20
2026-06-07,2026-05-23,Children’s Middle Grade Hardcover,Children’s Middle Grade Hardcover,childrens-middle-grade-hardcover,10,0,29,TROUBLING TONSILS!,Aaron Reynolds,Simon & Schuster ,Charlie Marmot's infected tonsils have disappeared before surgery! (Ages 6 to 9),,9781665961080,https://www.amazon.com/dp/1665961082?tag=thenewyorktim-20
2026-06-07,2026-05-23,Children’s Picture Books,Children’s Picture Books,picture-books,1,0,1,WE ARE MIGHTY,Sharon McMahon,Knopf,Ordinary Americans who have accomplished extraordinary things. (Ages 4 to 8),,9798217033331,https://www.amazon.com/dp/B0FR79JN7Y?tag=thenewyorktim-20
2026-06-07,2026-05-23,Children’s Picture Books,Children’s Picture Books,picture-books,2,2,37,BECAUSE I HAD A TEACHER,Kobi Yamada,Compendium,An ode to teachers. (Ages 4 to 7),,9781943200085,https://www.amazon.com/Because-Had-Teacher-teachers-everywhere/dp/1943200084?tag=thenewyorktim-20
2026-06-07,2026-05-23,Children’s Picture Books,Children’s Picture Books,picture-books,3,5,26,WHY A DAUGHTER NEEDS A DAD,Gregory E. Lang,Sourcebooks Jabberwocky,A father's love for his daughter. (Ages 4 to 8),,9781492667834,https://www.amazon.com/dp/1492667838?tag=thenewyorktim-20
2026-06-07,2026-05-23,Children’s Picture Books,Children’s Picture Books,picture-books,4,9,39,I LOVE DAD WITH THE VERY HUNGRY CATERPILLAR,Eric Carle,Grosset & Dunlap,Celebrating dad with help from that insatiable insect. (Ages 3 to 5),,9781524785895,https://www.amazon.com/Love-Hungry-Caterpillar-World-Carle/dp/152478589X?tag=thenewyorktim-20
2026-06-07,2026-05-23,Children’s Picture Books,Children’s Picture Books,picture-books,5,4,101,I WISH YOU MORE,Amy Krouse Rosenthal,Chronicle,A bounty of good wishes. (Ages 5 to 8),,9781452126999,https://www.amazon.com/dp/1452126992?tag=thenewyorktim-20
2026-06-07,2026-05-23,Children’s Picture Books,Children’s Picture Books,picture-books,6,0,19,WHY A SON NEEDS A DAD,Gregory E. Lang,Sourcebooks Wonderland,The bond between father and son. (Ages 4 to 7),,9781728235875,https://www.amazon.com/dp/1728235871?tag=thenewyorktim-20
2026-06-07,2026-05-23,Children’s Picture Books,Children’s Picture Books,picture-books,7,6,22,"SEE YOU LATER, ALLIGATOR!",Sally Hopgood,Sky Pony,A departing tortoise says goodbye to all his animal friends. (Ages 3 to 6),,9781510704848,https://www.amazon.com/dp/1510704841?tag=thenewyorktim-20
2026-06-07,2026-05-23,Children’s Picture Books,Children’s Picture Books,picture-books,8,0,23,"THANK YOU, TEACHER FROM THE VERY HUNGRY CATERPILLAR",Eric Carle,World of Eric Carle,The insatiable insect's pedagogue appreciation. (Ages 3 to 6),,9780593226186,https://www.amazon.com/dp/0593226186?tag=thenewyorktim-20
2026-06-07,2026-05-23,Children’s Picture Books,Children’s Picture Books,picture-books,9,3,2,KINDERGARTEN GRADUATION!,Jennifer Liberts,Golden,Matteo graduates from kindergarten! (Ages 2 to 5),,9780593704851,https://www.amazon.com/dp/0593704851?tag=thenewyorktim-20
2026-06-07,2026-05-23,Children’s Picture Books,Children’s Picture Books,picture-books,10,8,462,THE WONDERFUL THINGS YOU WILL BE,Emily Winfield Martin,Random House,A celebration of future possibilities. (Ages 3 to 7),,9780385376716,http://www.amazon.com/The-Wonderful-Things-You-Will/dp/0385376715?tag=thenewyorktim-20
2026-06-07,2026-05-23,Children’s & Young Adult Series,Children’s & Young Adult Series,series-books,1,2,897,DIARY OF A WIMPY KID,Jeff Kinney,Amulet,The travails and challenges of adolescence. (Ages 9 to 12),,9781419782695,https://www.amazon.com/dp/141978269X?tag=thenewyorktim-20
2026-06-07,2026-05-23,Children’s & Young Adult Series,Children’s & Young Adult Series,series-books,2,1,424,THE HUNGER GAMES,Suzanne Collins,Scholastic,"In a dystopia, a girl fights for survival on live TV. (Ages 12 and up)",,9781546171461,https://www.amazon.com/dp/1546171460?tag=thenewyorktim-20
2026-06-07,2026-05-23,Children’s & Young Adult Series,Children’s & Young Adult Series,series-books,3,7,73,BOYS OF TOMMEN,Chloe Walsh,Bloom,"In Ireland, friends at the private school Tommen College prepare for adulthood. (Ages 16 to 18)",,9781464277061,https://www.amazon.com/dp/1464277060?tag=thenewyorktim-20
2026-06-07,2026-05-23,Children’s & Young Adult Series,Children’s & Young Adult Series,series-books,4,3,118,THE WILD ROBOT,Peter Brown,"Little, Brown","Roz the robot adapts to her surroundings on a remote, wild island. (Ages 7 to 12)",,9780316581097,https://www.amazon.com/dp/0316581097?tag=thenewyorktim-20
2026-06-07,2026-05-23,Children’s & Young Adult Series,Children’s & Young Adult Series,series-books,5,4,243,WINGS OF FIRE,Tui T. Sutherland,Scholastic,Only the five dragonets of destiny can unite the seven warring dragon tribes. (Ages 9 to 12),,9781546129547,https://www.amazon.com/dp/1546129545?tag=thenewyorktim-20
2026-06-07,2026-05-23,Children’s & Young Adult Series,Children’s & Young Adult Series,series-books,6,5,896,HARRY POTTER,J.K. Rowling,Scholastic,A wizard hones his conjuring skills in the service of fighting evil. (Ages 10 and up),,9781546148500,https://www.amazon.com/dp/1546148507?tag=thenewyorktim-20
2026-06-07,2026-05-23,Children’s & Young Adult Series,Children’s & Young Adult Series,series-books,7,6,829,PERCY JACKSON & THE OLYMPIANS,Rick Riordan,Disney-Hyperion,A boy battles mythological monsters. (Ages 9 to 12),,9781368051477,https://www.amazon.com/dp/1368051472?tag=thenewyorktim-20
2026-06-07,2026-05-23,Children’s & Young Adult Series,Children’s & Young Adult Series,series-books,8,9,331,MAGIC TREE HOUSE,Mary Pope Osborne,Stepping Stone/Random House,These siblings can overcome space and time. (Ages 6 to 9),,9780375813658,https://www.amazon.com/dp/0375813659?tag=thenewyorktim-20
2026-06-07,2026-05-23,Children’s & Young Adult Series,Children’s & Young Adult Series,series-books,9,8,2,THE NATURALS,Jennifer Lynn Barnes,"Little, Brown","Cassie Hobbes joins the Naturals, an F.B.I. program for teens with intrinsic crime-solving abilities. (Ages 12 to 17)",,9780316540629,https://www.amazon.com/dp/0316540625?tag=thenewyorktim-20
2026-06-07,2026-05-23,Children’s & Young Adult Series,Children’s & Young Adult Series,series-books,10,0,220,A GOOD GIRL'S GUIDE TO MURDER,Holly Jackson,Delacorte,Pippa Fitz-Amobi solves murderous crimes. (Ages 14 and up),,9798217116775,https://www.amazon.com/dp/B0DSP89XNZ?tag=thenewyorktim-20
2026-06-07,2026-05-23,Young Adult Hardcover,Young Adult Hardcover,young-adult-hardcover,1,2,7,RELEASE ME,Tahereh Mafi,Storytide,The romantic tension mounts between Rosabelle and James as the fight in the New Republic continues. (Ages 14 and up),,9780063419056,https://www.amazon.com/dp/006341905X?tag=thenewyorktim-20
2026-06-07,2026-05-23,Young Adult Hardcover,Young Adult Hardcover,young-adult-hardcover,2,1,7,THE ESCAPE GAME,Marissa Meyer and Tamara Moss,Putnam,A real murder takes place on an escape room-themed game show. (Ages 14 and up),,9798217006120,https://www.amazon.com/dp/B0FCXKKXRR?tag=thenewyorktim-20
2026-06-07,2026-05-23,Young Adult Hardcover,Young Adult Hardcover,young-adult-hardcover,3,3,34,FAKE SKATING,Lynn Painter,Simon & Schuster,"After years of separation, the childhood friends Alec and Dani reunite and face their true feelings toward each other. (Ages 14 and up)",,9781665921268,https://www.amazon.com/dp/1665921269?tag=thenewyorktim-20
2026-06-07,2026-05-23,Young Adult Hardcover,Young Adult Hardcover,young-adult-hardcover,4,6,3,US DARK FEW,Alexis Patton,Bloom,Khalani Kanes struggles to survive in an underground prison for a crime she did not commit. (Ages 15 to 18),,9781464278112,https://www.amazon.com/dp/1464278113?tag=thenewyorktim-20
2026-06-07,2026-05-23,Young Adult Hardcover,Young Adult Hardcover,young-adult-hardcover,5,9,6,THE THORN QUEEN,Sasha Peyton Smith,HarperCollins,"Ivy Benton, now the queen of England, schemes to dethrone her husband, save her sister and reunite with her true love, Emmett. (Ages 13 and up)",,9780063372573,https://www.amazon.com/dp/0063372576?tag=thenewyorktim-20
2026-06-07,2026-05-23,Young Adult Hardcover,Young Adult Hardcover,young-adult-hardcover,6,5,29,IF ONLY I HAD TOLD HER,Laura Nowlin,Sourcebooks Fire,"In this companion to “If He Had Been With Me,” the story of Finn and Autumn is told through three different perspectives. (Ages 14 to 18)",,9781464254529,https://www.amazon.com/dp/1464254524?tag=thenewyorktim-20
2026-06-07,2026-05-23,Young Adult Hardcover,Young Adult Hardcover,young-adult-hardcover,7,7,15,BETTER THAN THE MOVIES,Lynn Painter,Simon & Schuster,Hopeless romantic Liz has a crush on Michael but finds out that she likes being around her neighbor Wes. (Ages 12 and up),,9781665990301,https://www.amazon.com/dp/1665990309?tag=thenewyorktim-20
2026-06-07,2026-05-23,Young Adult Hardcover,Young Adult Hardcover,young-adult-hardcover,8,4,3,CHANGE OF PLANS,Sarah Dessen,Simon & Schuster,"The coming-of-age love story of a girl named Finley, who goes on a last-minute trip with her distant mother. (Ages 12 and up)",,9798347108770,https://www.amazon.com/dp/B0FH5CCR7R?tag=thenewyorktim-20
2026-06-07,2026-05-23,Young Adult Hardcover,Young Adult Hardcover,young-adult-hardcover,9,0,12,THE SUN AND THE STARMAKER,Rachel Griffin,Sourcebooks Fire,The Starmaker senses a powerful magic within Aurora Finch and requests that she come study under his tutelage. (Ages 14 to 18),,9781728256184,https://www.amazon.com/dp/1728256186?tag=thenewyorktim-20
2026-06-07,2026-05-23,Young Adult Hardcover,Young Adult Hardcover,young-adult-hardcover,10,8,3,STORM BREAKER,Nisha J. Tuli,Mayhem,"In a dystopia, Poet Graves enters Amery Academy and is drawn to an outsider who may threaten her life as she knows it. (Ages 16 and up)",,9781682816684,https://www.amazon.com/dp/1682816680?tag=thenewyorktim-20
2026-06-07,2026-05-23,"Audio Advice, How-To & Misc","Audio Advice, How-To & Misc",audio-advice-how-to-and-miscellaneous,1,0,2,THE LET THEM THEORY,Mel Robbins,Audible Studios,"Read by the author. 10 hours, 38 minutes unabridged.",,9798350429084,https://www.amazon.com/dp/1401971369?tag=thenewyorktim-20
2026-06-07,2026-05-23,"Audio Advice, How-To & Misc","Audio Advice, How-To & Misc",audio-advice-how-to-and-miscellaneous,2,0,2,ATOMIC HABITS,James Clear,Penguin Audio,"Read by the author. 5 hours, 35 minutes unabridged.",,9781524779269,https://www.amazon.com/dp/0735211299?tag=thenewyorktim-20
2026-06-07,2026-05-23,"Audio Advice, How-To & Misc","Audio Advice, How-To & Misc",audio-advice-how-to-and-miscellaneous,3,0,1,THE MEANING OF YOUR LIFE,Arthur C. Brooks,Penguin Audio,"Read by the author. 6 hours, 42 minutes unabridged.",,9798217282111,https://www.amazon.com/dp/0593545427?tag=thenewyorktim-20
2026-06-07,2026-05-23,"Audio Advice, How-To & Misc","Audio Advice, How-To & Misc",audio-advice-how-to-and-miscellaneous,4,0,2,THE 48 LAWS OF POWER,Robert Greene,HighBridge,"Read by Richard Poe. 23 hours, 6 minutes unabridged.",,9781622318643,https://www.amazon.com/dp/0140280197?tag=thenewyorktim-20
2026-06-07,2026-05-23,"Audio Advice, How-To & Misc","Audio Advice, How-To & Misc",audio-advice-how-to-and-miscellaneous,5,0,1,START WITH YOURSELF,Emma Grede,Simon & Schuster Audio,"Read by the author. 9 hours, 14 minutes unabridged.",,9781668126349,https://www.amazon.com/dp/1668085488?tag=thenewyorktim-20
2026-06-07,2026-05-23,"Audio Advice, How-To & Misc","Audio Advice, How-To & Misc",audio-advice-how-to-and-miscellaneous,6,0,1,DROWNPROOF,Andy Stumpf,Macmillan Audio,"Read by Jocko Willink and the author. 6 hours, 29 minutes unabridged.",,9781250433770,https://www.amazon.com/dp/125037961X?tag=thenewyorktim-20
2026-06-07,2026-05-23,"Audio Advice, How-To & Misc","Audio Advice, How-To & Misc",audio-advice-how-to-and-miscellaneous,7,0,1,WHAT TO MAKE OF A LIFE,Jim Collins,Harper Edge,"Read by the author. 13 hours, 31 minutes unabridged.",,9780063488786,https://www.amazon.com/dp/B0FH5M989Y?tag=thenewyorktim-20
2026-06-07,2026-05-23,"Audio Advice, How-To & Misc","Audio Advice, How-To & Misc",audio-advice-how-to-and-miscellaneous,8,0,1,THE MOUNTAIN IS YOU,Brianna Wiest,Thought Catalog,"Read by Stacey Glemboski. 5 hours, 44 minutes unabridged.",,DBKACX0303323,https://www.amazon.com/dp/1949759229?tag=thenewyorktim-20
2026-06-07,2026-05-23,"Audio Advice, How-To & Misc","Audio Advice, How-To & Misc",audio-advice-how-to-and-miscellaneous,9,0,1,THE NEW PERIMENOPAUSE,Mary Claire Haver,Random House Audio,Read by Devon Sorvari and the author. 10 hours 49 minutes unabridged.,,9798217279142,https://www.amazon.com/dp/0593736613?tag=thenewyorktim-20
2026-06-07,2026-05-23,"Audio Advice, How-To & Misc","Audio Advice, How-To & Misc",audio-advice-how-to-and-miscellaneous,10,0,2,NEVER SPLIT THE DIFFERENCE,Chris Voss with Tahl Raz,Harper Business,"Read by Michael Kramer. 8 hours, 7 minutes unabridged.",,9780062471253,https://www.amazon.com/dp/0062407805?tag=thenewyorktim-20
2026-06-07,2026-05-23,Audio Children's,Audio Children's,audio-childrens,1,0,1,HARRY POTTER AND THE HALF-BLOOD PRINCE (FULL-CAST EDITION),J.K. Rowling,Pottermore and Audible Studios,"The sixth book in the Harry Potter series. Read by Hugh Laurie et al. 17 hours, 24 minutes unabridged.",,9781789392913,https://www.amazon.com/dp/B0F14Y9VTD?tag=thenewyorktim-20
2026-06-07,2026-05-23,Audio Children's,Audio Children's,audio-childrens,2,0,2,HARRY POTTER AND THE ORDER OF THE PHOENIX (FULL-CAST EDITION),J.K. Rowling,Pottermore and Audible Studios,"The fifth book in the Harry Potter series. Read by Hugh Laurie et al. 26 hours, 39 minutes unabridged.",,9781789392906,https://www.amazon.com/dp/B0F154RT46?tag=thenewyorktim-20
2026-06-07,2026-05-23,Audio Children's,Audio Children's,audio-childrens,3,0,2,HARRY POTTER AND THE SORCERER’S STONE (FULL-CAST EDITION),J.K. Rowling,Pottermore and Audible Studios,"A young wizard discovers his magical heritage. Read by Hugh Laurie et al. 8 hours, 41 minutes unabridged.",,9781789392869,https://www.amazon.com/dp/B0F14PDX2Z?tag=thenewyorktim-20
2026-06-07,2026-05-23,Audio Children's,Audio Children's,audio-childrens,4,0,2,HARRY POTTER AND THE GOBLET OF FIRE (FULL-CAST EDITION),J.K. Rowling,Pottermore and Audible Studios,"The fourth book in the Harry Potter series. Read by Hugh Laurie et al. 20 hours, 13 minutes unabridged.",,9781789392890,https://www.amazon.com/dp/B0F14R9M8Y?tag=thenewyorktim-20
2026-06-07,2026-05-23,Audio Children's,Audio Children's,audio-childrens,5,0,2,HARRY POTTER AND THE PRISONER OF AZKABAN (FULL-CAST EDITION),J.K. Rowling,Pottermore and Audible Studios,"The third book in the Harry Potter series. Read by Hugh Laurie et al. 11 hours, 32 minutes unabridged.",,9781789392883,https://www.amazon.com/dp/B0F155MX8X?tag=thenewyorktim-20
2026-06-07,2026-05-23,Audio Children's,Audio Children's,audio-childrens,6,0,2,HARRY POTTER AND THE CHAMBER OF SECRETS (FULL-CAST EDITION),J.K. Rowling,Pottermore and Audible Studios,"The second book in the Harry Potter series. Read by Hugh Laurie et al. 9 hours, 37 minutes unabridged.",,9781789392876,https://www.amazon.com/dp/B0F151V9H2?tag=thenewyorktim-20
2026-06-07,2026-05-23,Audio Children's,Audio Children's,audio-childrens,7,0,2,SUNRISE ON THE REAPING,Suzanne Collins,Scholastic Audio,"The fifth book in the “Hunger Games” series. Read by Jefferson White. 12 hours, 48 minutes unabridged.",,9781546171492,https://www.amazon.com/dp/1546171460?tag=thenewyorktim-20
2026-06-07,2026-05-23,Audio Children's,Audio Children's,audio-childrens,8,0,2,THE HUNGER GAMES,Suzanne Collins,Scholastic Audio,"In a dystopia, a girl fights for survival on live TV. Read by Tatiana Maslany. 10 hours, 35 minutes unabridged.",,9781338334906,https://www.amazon.com/dp/0439023521?tag=thenewyorktim-20
2026-06-07,2026-05-23,Audio Children's,Audio Children's,audio-childrens,9,0,2,HARRY POTTER AND THE SORCERER'S STONE,J.K. Rowling,Pottermore,"A young wizard discovers his magical heritage. Read by Jim Dale. 8 hours, 18 minutes unabridged.",,9781781102633,https://www.amazon.com/dp/1338878921?tag=thenewyorktim-20
2026-06-07,2026-05-23,Audio Children's,Audio Children's,audio-childrens,10,0,1,CATCHING FIRE,Suzanne Collins,Scholastic Audio,"The second book in the “Hunger Games” series. Read by Tatiana Maslany. 11 hours, 3 minutes unabridged.",,9781338589016,https://www.amazon.com/dp/0545586178?tag=thenewyorktim-20
2026-06-07,2026-05-23,Audio Children's,Audio Children's,audio-childrens,11,0,1,THE BALLAD OF SONGBIRDS AND SNAKES,Suzanne Collins,Scholastic Audio,"A prequel to “The Hunger Games.” Read by Santino Fontana. 16 hours, 16 minutes unabridged.",,9781338635201,https://www.amazon.com/dp/1339016575?tag=thenewyorktim-20
2026-06-07,2026-05-23,Audio Children's,Audio Children's,audio-childrens,12,0,1,MOCKINGJAY,Suzanne Collins,Scholastic Audio,"The third book in the “Hunger Games” series. Read by Tatiana Maslany. 11 hours, 19 minutes unabridged.",,9781338589047,https://www.amazon.com/dp/0545663261?tag=thenewyorktim-20
2026-06-07,2026-05-23,Audio Children's,Audio Children's,audio-childrens,13,0,2,HARRY POTTER AND THE DEATHLY HALLOWS,J.K. Rowling,Pottermore,"The seventh book in the Harry Potter series. Read by Jim Dale. 21 hours, 36 minutes unabridged.",,9781781102695,https://www.amazon.com/dp/B0F14VX598?tag=thenewyorktim-20
2026-06-07,2026-05-23,Audio Children's,Audio Children's,audio-childrens,14,0,2,HARRY POTTER AND THE CHAMBER OF SECRETS,J.K. Rowling,Pottermore,"The second book in the Harry Potter series. Read by Jim Dale. 9 hours, 2 minutes unabridged.",,9781781102640,https://www.amazon.com/dp/B0192CTMW8?tag=thenewyorktim-20
2026-06-07,2026-05-23,Audio Children's,Audio Children's,audio-childrens,15,0,2,HARRY POTTER AND THE PRISONER OF AZKABAN,J.K. Rowling,Pottermore,"The third book in the Harry Potter series. Read by Jim Dale. 11 hours, 49 minutes unabridged.",,9781781102657,https://www.amazon.com/dp/0439136350?tag=thenewyorktim-20
2026-06-07,2026-05-23,Audio Fiction,Audio Fiction,audio-fiction,1,0,30,PROJECT HAIL MARY,Andy Weir,Audible Studios,"Ryland Grace awakes from a long sleep alone and far from home, and the fate of humanity rests on his shoulders. Read by Ray Porter. 16 hours, 10 minutes unabridged.",,9781603935470,https://www.amazon.com/dp/0593135202?tag=thenewyorktim-20
2026-06-07,2026-05-23,Audio Fiction,Audio Fiction,audio-fiction,2,0,5,THEO OF GOLDEN,Allen Levi,Simon Maverick,"A man travels to a small Southern town, where he purchases pencil drawings of local residents and exchanges them for stories. Read by David Morse. 13 hours, 12 minutes unabridged.",,9781668173107,https://www.amazon.com/dp/0008819424?tag=thenewyorktim-20
2026-06-07,2026-05-23,Audio Fiction,Audio Fiction,audio-fiction,3,0,1,GAME ON,Navessa Allen,Zando Penguin Audio,"The third book of the Into Darkness series. Tyler seeks revenge against his father and pretends to be Stella’s boyfriend. Read by James Cassidy, Tara Langella and Christopher Tester. 12 hours, 22 minutes unabridged.",,9798217344635,https://www.amazon.com/dp/1638932271?tag=thenewyorktim-20
2026-06-07,2026-05-23,Audio Fiction,Audio Fiction,audio-fiction,4,0,12,DUNGEON CRAWLER CARL,Matt Dinniman,Audible Studios,"A Coast Guard vet named Carl and his ex-girlfriend’s cat, Princess Donut, are trapped in a fantasy dungeon. Read by Jeff Hays. 13 hours, 31 minutes unabridged.",,9783748087328,https://www.amazon.com/dp/059382024X?tag=thenewyorktim-20
2026-06-07,2026-05-23,Audio Fiction,Audio Fiction,audio-fiction,5,0,1,YESTERYEAR,Caro Claire Burke,Random House Audio,"Natalie Heller Mills, a privileged tradwife social media influencer, wakes up to find she is living in the comparatively difficult reality of 1855. Read by Rebecca Lowman. 13 hours, 47 minutes unabridged.",,9798217174331,https://www.amazon.com/dp/B0FM6KK5PT?tag=thenewyorktim-20
2026-06-07,2026-05-23,Audio Fiction,Audio Fiction,audio-fiction,6,0,7,THE CORRESPONDENT,Virginia Evans,Random House Audio,"Letters from someone she used to know push Sybil Van Antwerp toward revisiting her past and finding a way to forgive. Read by Maggi-Meg Reed, Jane Oppenheimer et al. 8 hours, 36 minutes unabridged.",,9798217066377,https://www.amazon.com/dp/0593798430?tag=thenewyorktim-20
2026-06-07,2026-05-23,Audio Fiction,Audio Fiction,audio-fiction,7,0,8,CARL'S DOOMSDAY SCENARIO,Matt Dinniman,Audible Studios,"The second book in the Dungeon Crawler Carl series. Read by Jeff Hays. 11 hours, 28 minutes unabridged.",,9783748087335,https://www.amazon.com/dp/0593820266?tag=thenewyorktim-20
2026-06-07,2026-05-23,Audio Fiction,Audio Fiction,audio-fiction,8,0,1,RITES OF THE STARLING,Devney Perry,Recorded Books,"The second book in the “Shield of Sparrows” series. Secrets uncovered may stop the devastation of a cursed realm. Read by Jason Clarke, Samantha Brentmoor and Megan Wicks. 17 hours, 23 minutes unabridged.",,9798898853822,https://www.amazon.com/dp/142053758X?tag=thenewyorktim-20
2026-06-07,2026-05-23,Audio Fiction,Audio Fiction,audio-fiction,9,0,7,THE DUNGEON ANARCHIST'S COOKBOOK,Matt Dinniman,Audible Studios,"The third book in the Dungeon Crawler Carl series. Carl and Donut are up against a subway system filled with monsters. Read by Jeff Hays and the Critical Drinker. 16 hours, 54 minutes unabridged.",,9783748087342,https://www.amazon.com/dp/B094X214V9?tag=thenewyorktim-20
2026-06-07,2026-05-23,Audio Fiction,Audio Fiction,audio-fiction,10,0,3,THE GATE OF THE FERAL GODS,Matt Dinniman,Audible Studios,"The fourth book in the Dungeon Crawler Carl series. Obstacles abound on the fifth floor of the dungeon. Read by Jeff Hays. 18 hours, 3 minutes unabridged.",,9783748087359,https://www.amazon.com/dp/0593955978?tag=thenewyorktim-20
2026-06-07,2026-05-23,Audio Fiction,Audio Fiction,audio-fiction,11,0,3,THE BUTCHER'S MASQUERADE,Matt Dinniman,Audible Studios,"The fifth book in the Dungeon Crawler Carl series. The action moves to the sixth floor, which is known as the Hunting Grounds. Read by Jeff Hays. 23 hours, 33 minutes unabridged.",,9783748087366,https://www.amazon.com/dp/0593955994?tag=thenewyorktim-20
2026-06-07,2026-05-23,Audio Fiction,Audio Fiction,audio-fiction,12,0,3,THE EYE OF THE BEDLAM BRIDE,Matt Dinniman,Audible Studios,"The sixth book in the Dungeon Crawler Carl series. On the eighth floor, Carl and Donut must capture a dangerous monster. Read by Jeff Hays, Patrick Warburton, Travis Baldree and Annie Ellicott. 26 hours, 46 minutes unabridged.",,9783748087373,https://www.amazon.com/dp/059395601X?tag=thenewyorktim-20
2026-06-07,2026-05-23,Audio Fiction,Audio Fiction,audio-fiction,13,0,4,MY HUSBAND'S WIFE,Alice Feeney,Macmillan Audio,"In an old house in a seaside town, things may not be what they appear to be. Read by Bel Powley, Henry Rowley and Richard Armitage. 8 hours, 58 minutes unabridged.",,9781250429797,https://www.amazon.com/dp/125042979X?tag=thenewyorktim-20
2026-06-07,2026-05-23,Audio Fiction,Audio Fiction,audio-fiction,14,0,2,THE NIGHT WE MET,Abby Jimenez,Hachette Audio,"Larissa makes a choice after a concert to ride home with Chris’s best friend, which may cause life-changing results. Read by Teresa Palmer and Zachary Webber. 9 hours, 52 minutes unabridged.",,9781668652664,https://www.amazon.com/dp/0349442843?tag=thenewyorktim-20
2026-06-07,2026-05-23,Audio Fiction,Audio Fiction,audio-fiction,15,0,5,THIS INEVITABLE RUIN,Matt Dinniman,Audible Studios,"The seventh book in the Dungeon Crawler Carl series. After becoming fully self-aware, the NPCs join the Faction Wars. Read by Jeff Hays and Travis Baldree. 28 hours, 40 minutes unabridged.",,9798350430479,https://www.amazon.com/dp/B0F74CH248?tag=thenewyorktim-20
2026-06-07,2026-05-23,Audio Nonfiction,Audio Nonfiction,audio-nonfiction,1,0,4,STRANGERS,Belle Burden,Random House Audio,"Burden retraces her marriage of 20 years in search of clues to help shape her understanding about its demise and to find a way forward. Read by the author. 7 hours, 4 minutes unabridged.",,9798217073443,https://www.amazon.com/dp/0593733312?tag=thenewyorktim-20
2026-06-07,2026-05-23,Audio Nonfiction,Audio Nonfiction,audio-nonfiction,2,0,1,FAMESICK,Lena Dunham,Random House Audio,"The author of “Not That Kind of Girl” evaluates the effects that pursuing her creative endeavors had on her. Read by the author. 11 hours, 47 minutes unabridged.",,9798217176397,https://www.amazon.com/dp/B086RD9S41?tag=thenewyorktim-20
2026-06-07,2026-05-23,Audio Nonfiction,Audio Nonfiction,audio-nonfiction,3,0,2,YOU WITH THE SAD EYES,Christina Applegate,Hachette Audio,"The Emmy Award-winning actress, who received a multiple sclerosis diagnosis in 2021, shares personal stories. Read by the author. 8 hours, 27 minutes unabridged.",,9781668653487,https://www.amazon.com/dp/031659492X?tag=thenewyorktim-20
2026-06-07,2026-05-23,Audio Nonfiction,Audio Nonfiction,audio-nonfiction,4,0,1,LONDON FALLING,Patrick Radden Keefe,Random House Audio,The author of “Say Nothing” details the efforts by the parents of a 19-year-old Londoner to uncover the truth about his mysterious death and secret life. Read by the author. 13 hours unabridged.,,9798217174072,https://www.amazon.com/dp/0385548532?tag=thenewyorktim-20
2026-06-07,2026-05-23,Audio Nonfiction,Audio Nonfiction,audio-nonfiction,5,0,1,PHASES,Brandy with Gerrick Kennedy,Harlequin Audio,"The actress and Grammy Award-winning musician shares some of her early struggles and her rise to fame. Read by Brandy. 12 hours, 7 minutes unabridged.",,9781488235832,https://www.amazon.com/dp/B0DSG1JRZ2?tag=thenewyorktim-20
2026-06-07,2026-05-23,Audio Nonfiction,Audio Nonfiction,audio-nonfiction,6,0,66,THE BODY KEEPS THE SCORE,Bessel van der Kolk,Penguin Audio,"How trauma affects the body and mind, and innovative treatments for recovery. Read by Sean Pratt. 16 hours, 17 minutes unabridged.",,9780593412701,https://www.amazon.com/dp/B00IICN1F8?tag=thenewyorktim-20
2026-06-07,2026-05-23,Audio Nonfiction,Audio Nonfiction,audio-nonfiction,7,0,3,A WORLD APPEARS,Michael Pollan,Penguin Audio,"The author of “This Is Your Mind on Plants” explores several perspectives on consciousness. Read by the author. 8 hours, 47 minutes unabridged.",,9798217282159,https://www.amazon.com/dp/198488199X?tag=thenewyorktim-20
2026-06-07,2026-05-23,Audio Nonfiction,Audio Nonfiction,audio-nonfiction,8,0,3,STRIPPED DOWN,Bunnie Xo,Dey Street,"The host of the “Dumb Blonde Podcast” shares how redemption was an important part of her journey toward reaching her goals. Read by the author. 8 hours, 25 minutes unabridged.",,9780063445222,https://www.amazon.com/dp/0063445190?tag=thenewyorktim-20
2026-06-07,2026-05-23,Audio Nonfiction,Audio Nonfiction,audio-nonfiction,9,0,7,NOBODY'S GIRL,Virginia Roberts Giuffre,Random House Audio,"The late activist and advocate for sex-trafficking survivors describes her time with Jeffrey Epstein and Ghislaine Maxwell. Read by Thérèse Plummer and Gabra Zackman. 13 hours, 40 minutes unabridged.",,9780593830406,https://www.amazon.com/dp/0593493125?tag=thenewyorktim-20
2026-06-07,2026-05-23,Audio Nonfiction,Audio Nonfiction,audio-nonfiction,10,0,26,THE ANXIOUS GENERATION,Jonathan Haidt,Penguin Audio,"A look at the mental health impacts that a phone-based life has on children. Read by Sean Pratt and the author. 10 hours, 33 minutes unabridged.",,9780593829097,https://www.amazon.com/dp/0593655036?tag=thenewyorktim-20
2026-06-07,2026-05-23,Audio Nonfiction,Audio Nonfiction,audio-nonfiction,11,0,66,GREENLIGHTS,Matthew McConaughey,Random House Audio,"The Academy Award-winning actor shares snippets from the diaries he kept over 35 years. Read by the author. 6 hours, 42 minutes unabridged.",,9780593294185,https://www.amazon.com/dp/0593139151?tag=thenewyorktim-20
2026-06-07,2026-05-23,Audio Nonfiction,Audio Nonfiction,audio-nonfiction,12,0,1,ARSENIO,Arsenio Hall with Alan Eisenstock,Simon & Schuster Audio,"The comedian and former late-night TV host details his career and his decision to walk away from it. Read by Arsenio Hall. 11 hours, 19 minutes unabridged.",,9781797166001,https://www.amazon.com/dp/1982191368?tag=thenewyorktim-20&linkCode=osi&th=1&psc=1
2026-06-07,2026-05-23,Audio Nonfiction,Audio Nonfiction,audio-nonfiction,13,0,84,EXTREME OWNERSHIP,Jocko Willink and Leif Babin,Macmillan Audio,"Applying the principles of Navy SEALs leadership training to any organization. Read by the authors. 8 hours, 15 minutes unabridged.",,9781427264305,http://www.amazon.com/Extreme-Ownership-U-S-Navy-SEALs-ebook/dp/B00VE4Y0Z2?tag=thenewyorktim-20
2026-06-07,2026-05-23,Audio Nonfiction,Audio Nonfiction,audio-nonfiction,14,0,31,I'M GLAD MY MOM DIED,Jennette McCurdy,Simon & Schuster Audio,"The actress and filmmaker describes her eating disorders and difficult relationship with her mother. Read by the author. 6 hours, 25 minutes unabridged.",,9781797147949,https://www.amazon.com/dp/1982185821?tag=thenewyorktim-20
2026-06-07,2026-05-23,Audio Nonfiction,Audio Nonfiction,audio-nonfiction,15,0,7,1929,Andrew Ross Sorkin,Penguin Audio,"The New York Times journalist and CNBC host looks at the fight between Washington and Wall Street that fueled a historic crash of the stock market. Read by the author. 13 hours, 31 minutes unabridged.",,9780593912089,https://www.amazon.com/dp/0593296966?tag=thenewyorktim-20
2026-06-07,2026-05-23,Business,Business,business-books,1,0,17,THE LET THEM THEORY,Mel Robbins,Hay House,,,9781401971366,https://www.amazon.com/dp/1401971369?tag=thenewyorktim-20
2026-06-07,2026-05-23,Business,Business,business-books,2,0,91,ATOMIC HABITS,James Clear,Avery,,,9780735211292,https://www.amazon.com/Atomic-Habits-Proven-Build-Break/dp/0735211299?tag=thenewyorktim-20
2026-06-07,2026-05-23,Business,Business,business-books,3,0,1,START WITH YOURSELF,Emma Grede,Avid Reader,,,9781668085486,https://www.amazon.com/dp/1668085488?tag=thenewyorktim-20
2026-06-07,2026-05-23,Business,Business,business-books,4,0,23,UNREASONABLE HOSPITALITY,Will Guidara,Optimism,,,9780593418574,https://www.amazon.com/dp/0593418573?tag=thenewyorktim-20
2026-06-07,2026-05-23,Business,Business,business-books,5,0,1,DROWNPROOF,Andy Stumpf,St. Martin's,,,9781250379610,https://www.amazon.com/dp/125037961X?tag=thenewyorktim-20
2026-06-07,2026-05-23,Business,Business,business-books,6,0,1,HOW TO START,Jodi Kantor,"Little, Brown",,,9780316609555,https://www.amazon.com/dp/0316609552?tag=thenewyorktim-20
2026-06-07,2026-05-23,Business,Business,business-books,7,0,1,PLANET MONEY,Alex Mayyasi and the hosts of NPR’s “Planet Money”,Norton,,,9781324078777,https://www.amazon.com/dp/1324078774?tag=thenewyorktim-20
2026-06-07,2026-05-23,Business,Business,business-books,8,0,1,THE MANBOOK,Nick Freitas,Broadside,,,9780063434080,https://www.amazon.com/dp/0063434083?tag=thenewyorktim-20
2026-06-07,2026-05-23,Business,Business,business-books,9,0,76,EXTREME OWNERSHIP,Jocko Willink and Leif Babin,St. Martin's,,,9781250183866,http://www.amazon.com/Extreme-Ownership-U-S-Navy-SEALs-ebook/dp/B00VE4Y0Z2?tag=thenewyorktim-20
2026-06-07,2026-05-23,Business,Business,business-books,10,0,7,NEVER SPLIT THE DIFFERENCE,Chris Voss with Tahl Raz,Harper Business,,,9780062407801,https://www.amazon.com/dp/0062407805?tag=thenewyorktim-20
2026-06-07,2026-05-23,Graphic Books and Manga,Graphic Books and Manga,graphic-books-and-manga,1,0,6,BIG JIM BELIEVES,Dav Pilkey,Scholastic,The 14th book in the Dog Man series. The Space Cuties From Space return and discover the city has changed.,,9781546176183,https://www.amazon.com/dp/1546176187?tag=thenewyorktim-20
2026-06-07,2026-05-23,Graphic Books and Manga,Graphic Books and Manga,graphic-books-and-manga,2,0,1,DAWN ON THE COAST,Ann M. Martin,Scholastic,The 19th book in the Baby-Sitters Club graphic novel series. Will Dawn leave Stoneybrook for California for good?,,9781546135548,https://www.amazon.com/dp/1546135545?tag=thenewyorktim-20
2026-06-07,2026-05-23,Graphic Books and Manga,Graphic Books and Manga,graphic-books-and-manga,3,0,1,CAPTAIN UNDERPANTS: THE FIRST EPIC MANGA,Dav Pilkey,Scholastic,Best friends George and Harold make a manga about their superhero creation.,,9781546151210,https://www.amazon.com/dp/1546151214?tag=thenewyorktim-20
2026-06-07,2026-05-23,Graphic Books and Manga,Graphic Books and Manga,graphic-books-and-manga,4,0,1,KPOP DEMON HUNTERS: THE MOVIE IN COMICS,"based on the screenplay by Danya Jimenez, Hannah McMechan, Maggie Kang and Chris Appelhans",Random House,An adaptation of the film.,,9798217234301,https://www.amazon.com/dp/B0G48NF5SZ?tag=thenewyorktim-20
2026-06-07,2026-05-23,Graphic Books and Manga,Graphic Books and Manga,graphic-books-and-manga,5,0,5,TALONS OF POWER,Tui T. Sutherland,Scholastic,The ninth book in the Wings of Fire graphic novel series. Turtle must summon the courage to take on Darkstalker.,,9781339001265,https://www.amazon.com/dp/1339001268?tag=thenewyorktim-20
2026-06-07,2026-05-23,Graphic Books and Manga,Graphic Books and Manga,graphic-books-and-manga,6,0,3,"JUJUTSU KAISEN, VOL. 29",Gege Akutami,VIZ Media,Sukuna and Itadori both use a black flash attack.,,9781974762019,https://www.amazon.com/dp/1974762017?tag=thenewyorktim-20
2026-06-07,2026-05-23,Graphic Books and Manga,Graphic Books and Manga,graphic-books-and-manga,7,0,3,INVINCIBLE COMPENDIUM ONE,Robert Kirkman,Image Comics,Mark Grayson faces the unexpected when he becomes a hero. Collects the first nine volumes of the comic and is the basis of the animated series.,,9781607064114,https://www.amazon.com/gp/search?index=books&tag=thenewyorktim-20&field-keywords=INVINCIBLE+COMPENDIUM+ONE+Robert+Kirkman+with+various+illustrators
2026-06-07,2026-05-23,Graphic Books and Manga,Graphic Books and Manga,graphic-books-and-manga,8,0,3,INVINCIBLE COMPENDIUM TWO,Robert Kirkman,Image Comics,A second collection of the comic that is the basis of the animated series.,,9781607067726,https://www.amazon.com/dp/1607067722?tag=thenewyorktim-20
2026-06-07,2026-05-23,Graphic Books and Manga,Graphic Books and Manga,graphic-books-and-manga,9,0,4,GACHIAKUTA 1,Kei Urana,Kodansha,A boy who lives in a floating city is wrongfully accused of murder and exiled to an abyss filled with garbage and monsters.,,9798888770207,https://www.amazon.com/dp/B0C4XW16QN?tag=thenewyorktim-20
2026-06-07,2026-05-23,Graphic Books and Manga,Graphic Books and Manga,graphic-books-and-manga,10,0,11,"JUJUTSU KAISEN, VOL. 1",Gege Akutami,VIZ Media,"The athletic Yuji Itadori chooses to spend his time with members of the Occult Research Club, who unseal a cursed object.",,9781974710027,https://www.amazon.com/dp/1974710025?tag=thenewyorktim-20
2026-06-07,2026-05-23,Graphic Books and Manga,Graphic Books and Manga,graphic-books-and-manga,11,0,4,"JUJUTSU KAISEN, VOL. 28",Gege Akutami,VIZ Media,"As fighting intensifies in Shinjuku, Higuruma takes on Sukuna by himself.",,9781974758906,https://www.amazon.com/dp/1974758907?tag=thenewyorktim-20
2026-06-07,2026-05-23,Graphic Books and Manga,Graphic Books and Manga,graphic-books-and-manga,12,0,1,INVINCIBLE COMPENDIUM THREE,Robert Kirkman,Image Comics,A third collection of the comic that is the basis of the animated series.,,9781534306868,https://www.amazon.com/dp/1534306862?tag=thenewyorktim-20
2026-06-07,2026-05-23,Graphic Books and Manga,Graphic Books and Manga,graphic-books-and-manga,13,0,20,WARRIORS: THE PROPHECIES BEGIN,Erin Hunter,HarperAlley,"A graphic novel adaptation of ""Into the Wild"" and ""Fire and Ice.""",,9780063203877,https://www.amazon.com/dp/0063203871?tag=thenewyorktim-20
2026-06-07,2026-05-23,Graphic Books and Manga,Graphic Books and Manga,graphic-books-and-manga,14,0,26,THE SCARLET SHEDDER,Dav Pilkey,Scholastic,The 12th book in the Dog Man series. Dog Man finds himself back on his hind legs after being sprayed by a skunk.,,9781338896435,https://www.amazon.com/dp/1338896431?tag=thenewyorktim-20
2026-06-07,2026-05-23,Graphic Books and Manga,Graphic Books and Manga,graphic-books-and-manga,15,0,6,"JUJUTSU KAISEN, VOL. 26",Gege Akutami,VIZ Media,The sorcerers Gojo and Sukuna engage in an escalated battle.,,9781974754977,https://www.amazon.com/dp/1974754979?tag=thenewyorktim-20
2026-06-07,2026-05-23,Middle Grade Paperback,Middle Grade Paperback,middle-grade-paperback-monthly,1,0,5,THE AMAZING GENERATION,Jonathan Haidt and Catherine Price,Rocky Pond,,,9798217111916,https://www.amazon.com/dp/?tag=thenewyorktim-20
2026-06-07,2026-05-23,Middle Grade Paperback,Middle Grade Paperback,middle-grade-paperback-monthly,2,0,64,RESTART,Gordon Korman,Scholastic,,,9781338053807,https://www.amazon.com/Restart-Gordon-Korman/dp/1338053809?tag=thenewyorktim-20
2026-06-07,2026-05-23,Middle Grade Paperback,Middle Grade Paperback,middle-grade-paperback-monthly,3,0,1,RIVER OF SPIRITS,Shana Targosz,Aladdin,,,9781665957649,https://www.amazon.com/dp/1665957646?tag=thenewyorktim-20
2026-06-07,2026-05-23,Middle Grade Paperback,Middle Grade Paperback,middle-grade-paperback-monthly,4,0,3,WHAT CAN I SAY?,Catherine Newman,Storey,,,9781635864342,https://www.amazon.com/dp/1635864348?tag=thenewyorktim-20
2026-06-07,2026-05-23,Middle Grade Paperback,Middle Grade Paperback,middle-grade-paperback-monthly,5,0,78,A LONG WALK TO WATER,Linda Sue Park,Clarion,,,9780547577319,http://www.amazon.com/Long-Walk-Water-Based-Story/dp/0547577311?tag=thenewyorktim-20
2026-06-07,2026-05-23,Middle Grade Paperback,Middle Grade Paperback,middle-grade-paperback-monthly,6,0,7,I AM REBEL,Ross Montgomery,Candlewick,,,9781536251265,https://www.amazon.com/dp/1536251267?tag=thenewyorktim-20
2026-06-07,2026-05-23,Middle Grade Paperback,Middle Grade Paperback,middle-grade-paperback-monthly,7,0,8,IMPOSSIBLE CREATURES,Katherine Rundell,Yearling,,,9780593809891,https://www.amazon.com/dp/0593809890?tag=thenewyorktim-20
2026-06-07,2026-05-23,Middle Grade Paperback,Middle Grade Paperback,middle-grade-paperback-monthly,8,0,73,WISH,Barbara O'Connor,Square Fish,,,9781250144058,https://www.amazon.com/Wish-Barbara-OConnor/dp/1250144051?tag=thenewyorktim-20
2026-06-07,2026-05-23,Middle Grade Paperback,Middle Grade Paperback,middle-grade-paperback-monthly,9,0,1,ODDER,Katherine Applegate,Square Fish,,,9781250423429,https://www.amazon.com/dp/1250423422?tag=thenewyorktim-20
2026-06-07,2026-05-23,Middle Grade Paperback,Middle Grade Paperback,middle-grade-paperback-monthly,10,0,2,AWAY,Megan E. Freeman,Aladdin,,,9781665959735,https://www.amazon.com/dp/1665959738?tag=thenewyorktim-20
2026-06-07,2026-05-23,Paperback Nonfiction,Paperback Nonfiction,paperback-nonfiction-monthly,1,1,2,THE BODY KEEPS THE SCORE,Bessel van der Kolk,Penguin,"How trauma affects the body and mind, and innovative treatments for recovery.",,9780143127741,https://www.amazon.com/dp/0143127748?tag=thenewyorktim-20
2026-06-07,2026-05-23,Paperback Nonfiction,Paperback Nonfiction,paperback-nonfiction-monthly,2,0,1,A WALK IN THE PARK,Kevin Fedarko,Scribner,The author of “The Emerald Mile” goes with a friend on a journey to hike the Grand Canyon from end to end.,,9781501183065,https://www.amazon.com/dp/1501183060?tag=thenewyorktim-20
2026-06-07,2026-05-23,Paperback Nonfiction,Paperback Nonfiction,paperback-nonfiction-monthly,3,4,2,THE DEMON OF UNREST,Erik Larson,Crown,The author of “The Splendid and the Vile” portrays the months between the election of Abraham Lincoln and the beginning of the Civil War.,,9780385348768,https://www.amazon.com/dp/0385348762?tag=thenewyorktim-20&linkCode=osi&th=1&psc=1
2026-06-07,2026-05-23,Paperback Nonfiction,Paperback Nonfiction,paperback-nonfiction-monthly,4,3,2,I'M GLAD MY MOM DIED,Jennette McCurdy,Simon & Schuster,The actress and filmmaker describes her eating disorders and difficult relationship with her mother.,,9781982185831,https://www.amazon.com/dp/198218583X?tag=thenewyorktim-20
2026-06-07,2026-05-23,Paperback Nonfiction,Paperback Nonfiction,paperback-nonfiction-monthly,5,6,2,SIGNS,Laura Lynne Jackson,Dial,A medium details potential ways the deceased may speak to us through everyday events.,,9780399591617,https://www.amazon.com/dp/0399591613?tag=thenewyorktim-20
2026-06-07,2026-05-23,Paperback Nonfiction,Paperback Nonfiction,paperback-nonfiction-monthly,6,2,2,RAISING HARE,Chloe Dalton,Vintage,A political adviser and foreign policy specialist tells the story of taking care of a wild hare during the pandemic lockdown.,,9780593689004,https://www.amazon.com/dp/0593689003?tag=thenewyorktim-20
2026-06-07,2026-05-23,Paperback Nonfiction,Paperback Nonfiction,paperback-nonfiction-monthly,7,8,2,ON TYRANNY,Timothy Snyder,Crown,Twenty lessons from the 20th century about the course of tyranny.,,9780804190114,https://www.amazon.com/dp/0804190119?tag=thenewyorktim-20
2026-06-07,2026-05-23,Paperback Nonfiction,Paperback Nonfiction,paperback-nonfiction-monthly,8,5,2,"THINKING, FAST AND SLOW",Daniel Kahneman,"Farrar, Straus & Giroux",When we can and cannot trust our intuitions in making business and personal decisions.,,9780374533557,http://www.amazon.com/Thinking-Fast-Slow-Daniel-Kahneman-ebook/dp/B00555X8OA?tag=thenewyorktim-20
2026-06-07,2026-05-23,Paperback Nonfiction,Paperback Nonfiction,paperback-nonfiction-monthly,9,11,2,BRAIDING SWEETGRASS,Robin Wall Kimmerer,Milkweed Editions,A botanist and member of the Citizen Potawatomi Nation espouses having an understanding and appreciation of plants and animals.,,9781571313560,https://www.amazon.com/dp/1571313567?tag=thenewyorktim-20
2026-06-07,2026-05-23,Paperback Nonfiction,Paperback Nonfiction,paperback-nonfiction-monthly,10,13,2,ALL ABOUT LOVE,bell hooks,Morrow,The late feminist icon explores the causes of a polarized society and the meaning of love.,,9780060959470,https://www.amazon.com/dp/0060959479?tag=thenewyorktim-20
2026-06-07,2026-05-23,Paperback Nonfiction,Paperback Nonfiction,paperback-nonfiction-monthly,11,0,1,ON THE HIPPIE TRAIL,Rick Steves,Avalon Travel,The travel writer and TV host recounts his journey from Istanbul to Kathmandu in the 1970s.,,9781641717458,https://www.amazon.com/dp/1641717459?tag=thenewyorktim-20
2026-06-07,2026-05-23,Paperback Nonfiction,Paperback Nonfiction,paperback-nonfiction-monthly,12,15,2,THE ART THIEF,Michael Finkel,Vintage,"The author of “The Stranger in the Woods” tells the story of Stéphane Breitwieser, who stole art more than 200 times for the sake of admiring it.",,9781984898456,https://www.amazon.com/dp/1984898450?tag=thenewyorktim-20
2026-06-07,2026-05-23,Paperback Nonfiction,Paperback Nonfiction,paperback-nonfiction-monthly,13,0,1,BE READY WHEN THE LUCK HAPPENS,Ina Garten,Crown,A memoir by the cookbook author and Food Network host known as the Barefoot Contessa.,,9780593800027,https://www.amazon.com/dp/0593800028?tag=thenewyorktim-20
2026-06-07,2026-05-23,Paperback Nonfiction,Paperback Nonfiction,paperback-nonfiction-monthly,14,12,2,BREATH,James Nestor,Riverhead,A re-examination of a basic biological function and a look at the science behind ancient breathing practices.,,9780735213623,https://www.amazon.com/dp/0735213623?tag=thenewyorktim-20
2026-06-07,2026-05-23,Paperback Nonfiction,Paperback Nonfiction,paperback-nonfiction-monthly,15,0,1,THE WAGER,David Grann,Vintage,The survivors of a shipwrecked British vessel on a secret mission during an imperial war with Spain have different accounts of events.,,9780307742490,https://www.amazon.com/dp/0385534264?tag=thenewyorktim-20
2026-06-07,2026-05-23,Young Adult Paperback,Young Adult Paperback,young-adult-paperback-monthly,1,0,1,THE FARAWAY INN,Sarah Beth Durst,Delacorte,,,9798217024308,https://www.amazon.com/dp/B0FH168T37?tag=thenewyorktim-20
2026-06-07,2026-05-23,Young Adult Paperback,Young Adult Paperback,young-adult-paperback-monthly,2,0,1,"WE'RE A BAD IDEA, RIGHT?",K.L. Walther,Delacorte Romance,,,9780593904794,https://www.amazon.com/dp/0593904796?tag=thenewyorktim-20
2026-06-07,2026-05-23,Young Adult Paperback,Young Adult Paperback,young-adult-paperback-monthly,3,0,41,IF HE HAD BEEN WITH ME,Laura Nowlin,Sourcebooks Fire,,,9781728205489,http://www.amazon.com/If-He-Had-Been-Me-ebook/dp/B00APIVOIE?tag=thenewyorktim-20
2026-06-07,2026-05-23,Young Adult Paperback,Young Adult Paperback,young-adult-paperback-monthly,4,0,42,BETTER THAN THE MOVIES,Lynn Painter,Simon & Schuster,,,9781534467637,https://www.amazon.com/dp/1665990309?tag=thenewyorktim-20
2026-06-07,2026-05-23,Young Adult Paperback,Young Adult Paperback,young-adult-paperback-monthly,5,0,53,GIRL IN PIECES,Kathleen Glasgow,Ember,,,9781101934746,http://www.amazon.com/Girl-Pieces-Kathleen-Glasgow/dp/1101934719?tag=thenewyorktim-20
2026-06-07,2026-05-23,Young Adult Paperback,Young Adult Paperback,young-adult-paperback-monthly,6,0,27,IF ONLY I HAD TOLD HER,Laura Nowlin,Sourcebooks Fire,,,9781728276229,https://www.amazon.com/dp/1464254524?tag=thenewyorktim-20
2026-06-07,2026-05-23,Young Adult Paperback,Young Adult Paperback,young-adult-paperback-monthly,7,0,8,NOTHING LIKE THE MOVIES,Lynn Painter,Simon & Schuster,,,9781665947145,https://www.amazon.com/dp/1665947144?tag=thenewyorktim-20
2026-06-07,2026-05-23,Young Adult Paperback,Young Adult Paperback,young-adult-paperback-monthly,8,0,60,THE BOOK THIEF,Markus Zusak,Knopf,,,9780375842207,http://www.amazon.com/The-Book-Thief-Markus-Zusak/dp/0375842209?tag=thenewyorktim-20
2026-06-07,2026-05-23,Young Adult Paperback,Young Adult Paperback,young-adult-paperback-monthly,9,0,5,THE OBSESSION,Natasha Preston,Delacorte,,,9798217028009,https://www.amazon.com/dp/?tag=thenewyorktim-20
2026-06-07,2026-05-23,Young Adult Paperback,Young Adult Paperback,young-adult-paperback-monthly,10,0,1,WHAT WE DID TO SURVIVE,Megan Lally,Sourcebooks Fire,,,9781728270173,https://www.amazon.com/dp/1728270170?tag=thenewyorktim-20
